27,"Evangelische Volkspartei (EVP), Junge EVP",EVP,0,49484,0.339075939,zurich
9,"Grüne, Junge Grüne – Klima vor Profit",GPS,0,193573,1.326407461,zurich
23,"Grünliberale, senior GLP",GLP,0,41796,0.286395966,zurich
26,Schweizer Demokraten (SD),SD,0,27242,0.186668554,zurich
24,"Linke Alternative, Partei der Arbeit",PdA/Sol.,0,45271,0.310207478,zurich
8,Evangelische Volkspartei (EVP),EVP,1,391797,2.684684661,zurich
7,BDP Bürgerlich-Demokratische Partei,BDP,0,239376,1.640260327,zurich
5,CVP,CVP,1,529899,3.630991859,zurich
30,"Grüne, Migrant*innen und Second@s",GPS,0,36252,0.248407181,zurich
21,"Evangelische Volkspartei (EVP), Frauen EVP",EVP,0,40533,0.277741594,zurich
14,"Sozialdemokratische Partei (SP), JUSO",SP,0,108605,0.744186856,zurich
4,Grünliberale,GLP,6,1802530,12.35135706,zurich
32,"SVP Schweizerische Volkspartei, Junge",SVP,0,50724,0.347572709,zurich
29,"Grünliberale, Junge Grünliberale",GLP,0,112490,0.770807785,zurich
31,EDU Eidgenössisch-Demokratische Union,EDU,0,235022,1.610425701,zurich
12,Integrale Politik (IP),Übrige,0,45514,0.311872571,zurich
13,"CVP, Frauen",CVP,0,48833,0.334615135,zurich
22,Unabhängigkeitspartei up!,Übrige,0,9540,0.065370311,zurich
1,SVP Schweizerische Volkspartei,SVP,10,3775767,25.8724384,zurich
6,Grüne,GPS,5,1824558,12.50229807,zurich
17,die Guten,Übrige,0,47154,0.323110234,zurich
18,"CVP, Junge",CVP,0,27841,0.190773042,zurich
25,"Linke Alternative, AL – Alternative Liste",FGA,0,234589,1.607458684,zurich
19,"Grünliberale, UnternehmerInnen",GLP,0,85520,0.586003038,zurich
3,FDP.Die Liberalen,FDP,5,1944944,13.32721109,zurich
28,"SVP Schweizerische Volkspartei, 55plus",SVP,0,70050,0.47999898,zurich
20,"CVP, Christlichsoziale Vereinigung (CSV)",CVP,0,36786,0.252066274,zurich
11,Piratenpartei – humanistisch liberal progressiv,Übrige,0,67005,0.459133928,zurich
16,Sarantidis Chrisoula (Chris),Übrige,0,1851,0.012683485,zurich
2,Sozialdemokratische Partei (SP),SP,7,2417472,16.56508344,zurich
10,Jungfreisinnige Kanton Zürich,FDP,0,48700,0.333703788,zurich
15,Öko-Partei Schweiz,Übrige,0,3063,0.020988392,zurich
14,Grüne - Junge Alternative JA!,Übrige,0,45924,0.556634169,bern
30,DU - Die Unabhängigen // LI - Les Indépendants,Übrige,0,61529,0.745778761,bern
25,Schweizer Demokraten // Démocrates Suisses,SD,0,30200,0.366047207,bern
24,Partei der Arbeit // Parti Ouvrier et Populaire,PdA/Sol.,0,50917,0.617153166,bern
23,Piraten // Pirates,Übrige,0,55410,0.671611779,bern
28,"Die liebe, sehr sehr liebe Partei",Übrige,0,6269,0.075985097,bern
21,Christlichdemokratische Volkspartei // Parti démocrate-chrétien,CVP,0,110976,1.345114397,bern
17,Grünliberale KMU // Vert'libéraux PME,GLP,0,101313,1.227991412,bern
18,Evangelische Volkspartei // Parti Evangélique,EVP,1,297423,3.604995308,bern
27,Die Musketiere // Les Mousquetaires,Übrige,0,30578,0.370628857,bern
22,PDC liste romande,CVP,0,43525,0.527556446,bern
32,Partei der unbegrenzten Möglichkeiten,Übrige,0,5635,0.06830053,bern
16,Junge Grünliberale // Jeunes Vert'libéraux,GLP,0,89566,1.085608745,bern
19,Junge Evangelische Volkspartei // Jeune Parti Evangélique,EVP,0,47160,0.571615439,bern
9,FDP.Die Liberalen // PLR.Les Libéraux-Radicaux,FDP,2,655801,7.948812056,bern
11,Jungfreisinnige Land,FDP,0,17725,0.21484062,bern
5,Sozialdemokratische Partei – Internationale Liste // Parti socialiste – liste internationale,SP,0,35121,0.425693508,bern
15,Grünliberale // Vert'libéraux,GLP,3,612302,7.42157075,bern
26,JutziPhilipp.com,Übrige,0,8713,0.105608255,bern
12,Grüne // Les Verts,GPS,4,978537,11.86062038,bern
13,Junge Grüne // Jeunes vert-e-s,GPS,0,142270,1.724421724,bern
8,Junge BDP // Les Jeunes PBD,BDP,0,74204,0.8994095,bern
1,SVP Kanton Bern (Frauen und Männer) // UDC canton de Berne (femmes et hommes),SVP,7,2382287,28.87514906,bern
6,Jungsozialist*innen // Jeunesse Socialiste,SP,0,77922,0.944474517,bern
20,Eidgenössisch-Demokratische Union // Union Démocratique Fédérale,EDU,1,202288,2.451886004,bern
31,Menschen mit Zukunft sagen 5G ade!,Übrige,0,40207,0.487339736,bern
29,Gesundheit-Energie-Natur,Übrige,0,4003,0.048519436,bern
4,Sozialdemokratische Partei und Gewerkschaften – Männer // Parti socialiste et syndicats – hommes,SP,1,505909,6.132005835,bern
33,Landliste // Liste du Terroir,Übrige,0,12121,0.146915834,bern
7,Bürgerlich-Demokratische Partei Kanton Bern // Parti Bourgeois-Démocratique Canton de Berne,BDP,2,589239,7.142029468,bern
10,Jungfreisinnige Stadt,FDP,0,16211,0.196489777,bern
3,Sozialdemokratische Partei und Gewerkschaften – Frauen // Parti socialiste et syndicats – femmes,SP,3,768987,9.320713351,bern
34,Armin Capaul Parteilos und weitere Parteilose,Übrige,0,54683,0.66279998,bern
2,SVP (Junge SVP) // UDC (Jeune UDC),SVP,0,95347,1.155678907,bern
33,glp international,GLP,0,2225,0.187501685,luzern
35,SP International (Auslandschweizer*innen),SP,0,1017,0.085703018,luzern
34,Schweizer Demokraten SD für Volk und Heimat / Nationale Aktion NA,SD,0,1766,0.148821562,luzern
32,Unternehmer*innen für eine grüne Wirtschaft (Grüne),GPS,0,9405,0.792563304,luzern
31,SVP International,SVP,0,2333,0.196602891,luzern
30,LU-Biker SVP,SVP,0,2818,0.237474045,luzern
25,CSV Christlichsoziale Vereinigung (CVP),CVP,0,4791,0.403739584,luzern
26,CVP Frauen,CVP,0,4713,0.397166491,luzern
22,FDP-Frauen Kanton Luzern,FDP,0,11425,0.962789553,luzern
20,Junge Schweizerische Volkspartei (JSVP),SVP,0,2755,0.232165008,luzern
17,SP 60+,SP,0,5890,0.496352776,luzern
15,Junge Grünliberale Partei (jglp),GLP,0,9936,0.837310897,luzern
12a,JungsozialistInnen und Junge Linke (JUSOplus)-Stadt Luzern,SP,0,3516,0.296294798,luzern
12b,JungsozialistInnen und Junge Linke (JUSOplus)-Land und Agglomeration,SP,0,1722,0.145113664,luzern
23,AWG Arbeitsgemeinschaft Wirtschaft und Gesellschaft (CVP),CVP,0,3418,0.288036297,luzern
14,Integrale Politik (IP),Übrige,0,5945,0.500987649,luzern
24,Klimaschutz (CVP),CVP,0,13388,1.128212388,luzern
13,Jungfreisinnige (JFLU),FDP,0,4092,0.34483456,luzern
9a,Junge Christlichdemokratische Volkspartei (JCVP) a,CVP,0,6474,0.545566702,luzern
9b,Junge Christlichdemokratische Volkspartei (JCVP) b,CVP,0,6268,0.528206995,luzern
8,Junge Grüne,GPS,0,11963,1.008127039,luzern
29,Büezer und Bauern JSVP,SVP,0,3242,0.273204703,luzern
10,Evangelische Volkspartei (EVP),EVP,0,8451,0.712169323,luzern
6,FDP.Die Liberalen Luzern,FDP,1,169105,14.25054944,luzern
5,Christlichdemokratische Volkspartei (CVP),CVP,3,248219,20.91751948,luzern
27,Luzerner Bauernliste (CVP),CVP,0,15209,1.281668824,luzern
4,Grünliberale Partei (glp),GLP,1,72066,6.073032117,luzern
11,SP – Second@s Plus und MigrantInnen,SP,0,5894,0.496689858,luzern
1,Grüne,GPS,1,123739,10.42753755,luzern
7,Aktive Senioren Luzern (SVP),SVP,0,8087,0.68149489,luzern
28,SVP-Frauen für Stadt und Land,SVP,0,2948,0.248429199,luzern
2,Schweizerische Volkspartei (SVP),SVP,2,271467,22.87663822,luzern
3,Sozialdemokratische Partei (SP) und Gewerkschaften,SP,1,142369,11.99749548,luzern
3,Simon Stadler (Christlichdemokratische Volkspartei der Schweiz),CVP,1,4685,39.20502092,uri
1,Pascal Blöchlinger (Schweizerische Volkspartei),SVP,0,4341,36.32635983,uri
99,Vereinzelte / Autres / Altri,Übrige,0,265,2.217573222,uri
2,Urs Kälin (Sozialdemokratische Partei der Schweiz),SP,0,2659,22.25104603,uri
21,Vorwärts Schwyz! Mobilität mit Zukunft.,FDP,0,1581,0.77528123,schwyz
18,EVP Evangelische Volkspartei,EVP,0,1229,0.602669596,schwyz
17,Schwyz für alle,SP,0,1497,0.734089817,schwyz
16,Schweizerische Volkspartei Kanton Schwyz,SVP,2,72036,35.32457852,schwyz
15,Generation 60plus,SP,0,1043,0.511460039,schwyz
10,Junge Grünliberale – jglp Kanton Schwyz,GLP,0,3059,1.500053941,schwyz
11,JUSOplus,SP,0,1668,0.817943764,schwyz
13,Liste für Kultur,SP,0,1415,0.693879152,schwyz
12,Gewerkschaftsbund Kanton Schwyz,SP,0,1426,0.699273266,schwyz
9,Grünliberale – GLP Kanton Schwyz,GLP,0,6289,3.083961829,schwyz
8,Junge Schweizerische Volkspartei Kanton Schwyz (JSVP),SVP,0,3198,1.568215922,schwyz
14,Jungfreisinnige Kanton Schwyz,FDP,0,720,0.353069251,schwyz
7,Gemeinsam fürs Schwyzer Gewerbe,FDP,0,2793,1.369614468,schwyz
6,FDP.Die Liberalen Kanton Schwyz,FDP,1,39803,19.5183547,schwyz
19,Umwelt.Die Liberalen,FDP,0,2206,1.081764954,schwyz
2,CVP – Bauern und Gewerbe,CVP,0,4544,2.228259271,schwyz
1,CVP – Bürgerlich mit sozialer Verantwortung,CVP,1,29768,14.59745202,schwyz
20,Grüne Schwyz – Für eine langfristige Zukunft,GPS,0,5322,2.609770211,schwyz
4,CVP 60 plus,CVP,0,1206,0.591390995,schwyz
5,Sozialdemokratische Partei (SP),SP,0,21123,10.35816914,schwyz
3,Junge CVP,CVP,0,2000,0.980747918,schwyz
2,Luke Gasser (Komitee 'Luke Gasser i Nationalrat'),Übrige,0,1675,11.5366072,obwalden
1,Marco De Col (FDP.Die Liberalen),FDP,0,1683,11.59170742,obwalden
3,Mirjam Hostetmann (JungsozialistInnen),SP,0,424,2.920311316,obwalden
5,Monika Rüegger-Hurschler (Schweizerische Volkspartei),SVP,1,5412,37.27529444,obwalden
4,Peter Krummenacher (Christlichdemokratische Volkspartei der Schweiz),CVP,0,5325,36.67607962,obwalden
2,Alois Bissig (Überparteiliches Komitee (CVP)),CVP,0,5383,35.79598351,nidwalden
1,Peter Keller (Schweizerische Volkspartei),SVP,1,9655,64.20401649,nidwalden
99,Vereinzelte / Autres / Altri,Übrige,0,612,6.030744974,glarus
3,Mathias Zopfi (Grüne Partei der Schweiz),GPS,0,279,2.749310209,glarus
2,Priska Grünenfelder (Sozialdemokratische Partei der Schweiz),SP,0,2861,28.19274734,glarus
1,Martin Landolt (Bürgerlich-Demokratische Partei),BDP,1,6396,63.02719748,glarus
23,SVP Schweizerische Volkspartei,SVP,1,26504,22.55429233,zug
25,SVP – Zukunft,SVP,0,1468,1.249234121,zug
20,SP Kanton Zug – SP Frauen,SP,0,900,0.765879229,zug
22,SP Kanton Zug – SP JUSO,SP,0,524,0.445911907,zug
21,SP Kanton Zug – SP Männer,SP,0,1296,1.10286609,zug
19,SP Kanton Zug – SP Klimaschutz,SP,0,733,0.623766084,zug
17,SP Kanton Zug – SP Zug für Bern,SP,0,4669,3.973211247,zug
15,Grünliberale Partei (GLP) – Junge Grünliberale (JGLP),GLP,0,1095,0.931819729,zug
14,Grünliberale Partei (GLP),GLP,0,5410,4.603785145,zug
16,SP Kanton Zug,SP,0,2065,1.757267343,zug
13,FDP Zug – C,FDP,0,3019,2.569099326,zug
12,FDP Zug – B,FDP,0,4309,3.666859555,zug
11,FDP Zug – A,FDP,0,9919,8.440840084,zug
10,Evangelische Volkspartei (EVP),EVP,0,964,0.820341752,zug
18,SP Kanton Zug – SP 60+,SP,0,795,0.676526653,zug
9,Christlichdemokratische Volkspartei Kanton Zug (CVP) – Gemeinderatsliste,CVP,0,2174,1.850023827,zug
24,SVP – Wirtschaft und Gewerbe,SVP,0,3299,2.807372864,zug
8,Christlichdemokratische Volkspartei Kanton Zug (CVP) – Junge Liste (JCVP),CVP,0,1429,1.216046021,zug
7,Christlichdemokratische Volkspartei Kanton Zug (CVP) – CVP Frauen Kanton Zug,CVP,0,2917,2.48229968,zug
6,Christlichdemokratische Volkspartei Kanton Zug (CVP),CVP,1,21426,18.23303152,zug
5,Alternative – die Grünen und CSP – Junge Alternative,GPS,0,1972,1.678126489,zug
4,Alternative – die Grünen und CSP – Frauenpower,GPS,0,542,0.461229492,zug
1,Alternative – die Grünen und CSP,GPS,1,16135,13.73051263,zug
2,Alternative – die Grünen und CSP – Urban,GPS,0,3000,2.552930765,zug
3,Alternative – die Grünen und CSP – Landschaft,GPS,0,948,0.806726122,zug
25,Mouvement Citoyen Indépendant // Unabhängige Bürger Bewegung,Übrige,0,1390,0.230448745,freiburg
24,Démocratie directe spiritualitéS et nature // Direkt Demokratie Spiritualität und Natur,Übrige,0,2436,0.403865571,freiburg
19,PBD-Centre droit // BDP-Mitte Rechts,BDP,0,3933,0.652053895,freiburg
20,Parti Evangélique PEV // Evangelische Volkspartei EVP,EVP,0,4482,0.74307286,freiburg
17,Parti socialiste international // Sozialdemokratische Partei International,SP,0,1852,0.307043939,freiburg
16,Parti socialiste Intégration // Sozialdemokratische Partei Integration,SP,0,3436,0.569656035,freiburg
14,Jeunes libéraux-radicaux fribourgeois // Jungfreisinnige Freiburg,FDP,0,5929,0.982971661,freiburg
15,Parti socialiste 60+ // Sozialdemokratische Partei 60+,SP,0,7213,1.195846617,freiburg
18,Jeunesse socialiste fribourgeoise // Jungsozialiste-innen Kanton Freiburg,SP,0,10410,1.725878731,freiburg
13,Jeunes PDC Sarine-Campagne et Broye // Junge CVP Saane Land und Broye,CVP,0,6204,1.028564039,freiburg
12,Junge CVP Deutschfreiburg // Jeunes PDC Fribourg alémanique,CVP,0,5205,0.862939366,freiburg
11,Jeunes PDC Sud fribourgeois // Junge CVP Südfreiburg,CVP,0,5759,0.954787283,freiburg
21,Jeunes UDC Fribourg // Junge SVP Freiburg,SVP,0,5618,0.931410827,freiburg
10,Jeunes PDC Grand-Fribourg // Junge CVP Grossfreiburg,CVP,0,3309,0.548600646,freiburg
9,Jeunes vert'libéraux (jvl) // Junge Grünliberale (jglp),GLP,0,9671,1.603359578,freiburg
22,Parti des artistes // Künstler Partei,Übrige,0,2162,0.358438983,freiburg
8,Union Démocratique Fédérale // Eidgenössisch-Demokratische Union,EDU,0,4430,0.734451756,freiburg
7,Verts – CG-PCS : les Verts // ML-CSP – Grüne : Grüne,GPS,1,75178,12.46379551,freiburg
6,Parti vert'libéral (pvl) // Grünliberale Partei (glp),GLP,0,22780,3.776706771,freiburg
4,Verts – CG-PCS : Centre Gauche-PCS // ML-CSP – Grüne : Mitte Links-CSP,CSP,0,19610,3.251151,freiburg
1,Parti démocrate-chrétien fribourgeois // Christlichdemokratische Volkspartei des Kantons Freiburg,CVP,2,86896,14.40652817,freiburg
3,PLR.Les Libéraux-Radicaux du canton de Fribourg // FDP.Die Liberalen des Kantons Freiburg,FDP,1,87082,14.43736519,freiburg
23,Objectif 2030 // Ziel 2030,Übrige,0,6960,1.15390163,freiburg
5,Union Démocratique du Centre // Schweizerische Volkspartei,SVP,1,116109,19.24976499,freiburg
2,Parti socialiste fribourgeois // Sozialdemokratische Partei Freiburg,SP,2,105117,17.42739621,freiburg
29,Schweizerische Hanf Partei SHP,Übrige,0,4338,0.915554937,solothurn
28,Schweizer Demokraten / Die sozial-ökologische Heimatpartei,SD,0,2855,0.602560937,solothurn
27,Evangelische Volkspartei,EVP,0,5683,1.199423399,solothurn
26,Junge Bürgerlich Demokratische Partei,BDP,0,1340,0.282813189,solothurn
25,Bürgerlich Demokratische Partei Liste zwei,BDP,0,3004,0.634008075,solothurn
24,Bürgerlich Demokratische Partei Liste eins,BDP,0,5079,1.071946409,solothurn
23,Junge Grüne Solothurn,GPS,0,6811,1.437493009,solothurn
22,Junge Grünliberale,GLP,0,6946,1.465985382,solothurn
21,Grünliberale Unternehmer,GLP,0,7801,1.646437082,solothurn
17,"SVP Bürger, Büezer, International",SVP,0,3651,0.770560413,solothurn
20,Grünliberale,GLP,0,17510,3.695566376,solothurn
16,FDP.Die Liberalen Kanton Solothurn - Verantwortung,FDP,0,26572,5.608143331,solothurn
15,FDP.Die Liberalen Kanton Solothurn - Freiheit,FDP,1,55297,11.67068726,solothurn
14,Jungfreisinnige Liste Gesellschaftsliberalismus,FDP,0,2568,0.541988261,solothurn
19,Junge SVP Kanton Solothurn,SVP,0,3253,0.686560675,solothurn
13,Jungfreisinnige Liste Digitalisierung,FDP,0,3314,0.699435007,solothurn
18,Sozialdemokratische Partei 60+,SP,0,3606,0.761062956,solothurn
12,Liste Grüne Plus,GPS,0,11015,2.324766626,solothurn
11,Liste Grüne,GPS,1,36270,7.654951025,solothurn
10,"Sozialdemokratische Partei (SP) Region Nord-Ost (Thal-Gäu, Olten-Gösgen, Dorneck-Thierstein)",SP,0,30451,6.426824198,solothurn
9,"Sozialdemokratische Partei (SP) Region Süd-West (Solothurn-Lebern, Bucheggberg-Wasseramt)",SP,1,44646,9.422744512,solothurn
8,SVP Unternehmer und Bauern,SVP,0,10330,2.180194213,solothurn
7,JUSO Kanton Solothurn,SP,0,3859,0.814459774,solothurn
5,"Junge CVP Süd (Solothurn-Lebern, Bucheggberg-Wasseramt, Olten-Gösgen)",CVP,0,4067,0.858359135,solothurn
4,"Junge CVP Nord (Thal-Gäu, Dorneck-Thierstein)",CVP,0,5048,1.065403716,solothurn
6,Junge SP Region Olten,SP,0,4809,1.014961662,solothurn
3,"CVP Süd-West (Solothurn-Lebern, Bucheggberg-Wasseramt)",CVP,0,21445,4.526066301,solothurn
2,"CVP Nord-Ost (Thal-Gäu, Olten-Gösgen, Dorneck-Thierstein)",CVP,1,36716,7.749081385,solothurn
1,SVP Kanton Solothurn,SVP,2,105527,22.27196076,solothurn
42,Bündnis – Integrale Politik,Übrige,0,4362,1.62811617,basel-stadt
41,PNOS Partei National Orientierter Schweizer,Übrige,0,297,0.110855228,basel-stadt
40,Bündnis – Die Alternativen,GPS,0,5644,2.106622573,basel-stadt
38,"JUSO Basel-Stadt, Frauen*",SP,0,2611,0.974555553,basel-stadt
34,Gewerbe LDP,LPS,0,1901,0.709548106,basel-stadt
36,CVP 60+ Basel-Stadt,CVP,0,2128,0.794275839,basel-stadt
25,Mitte – Junge Grünliberale jglp,GLP,0,1468,0.547930889,basel-stadt
23,Jungliberale Basel JLB,LPS,0,1072,0.400123919,basel-stadt
21,Bündnis: Junge Grüne (jgb),GPS,0,5239,1.955456354,basel-stadt
18,Junge SVP Basel-Stadt,SVP,0,949,0.354214178,basel-stadt
14,Volks-Aktion gegen zuviele Ausländer und Asylanten in unserer Heimat (VA) – Liste Ausländerstopp,Übrige,0,2178,0.812938335,basel-stadt
12,SVP Basel-Stadt,SVP,0,30679,11.45093443,basel-stadt
22,Junge CVP Basel-Stadt,CVP,0,1005,0.375116174,basel-stadt
11,Mitte – Bürgerlich-Demokratische Partei (BDP),BDP,0,985,0.367651176,basel-stadt
10,Mitte – Grünliberale GLP,GLP,1,13799,5.150475707,basel-stadt
9,Eidgenössisch-Demokratische Union Basel-Stadt (EDU),EDU,0,756,0.282176943,basel-stadt
39,"JUSO Basel-Stadt, Männer*",SP,0,1190,0.44416741,basel-stadt
37,Liste SVP – Neue Heimat Schweiz Basel-Stadt,SVP,0,689,0.257169198,basel-stadt
8,Bündnis Grüne BastA! jgb,GPS,1,36525,13.63295349,basel-stadt
7,CVP Basel-Stadt,CVP,0,9111,3.400680061,basel-stadt
6,Jungfreisinnige Basel-Stadt,FDP,0,717,0.267620196,basel-stadt
5,Sozialdemokratische Partei Basel-Stadt (SP),SP,2,83674,31.23131418,basel-stadt
4,Mitte – Evangelische Volkspartei Basel-Stadt (EVP),EVP,0,5406,2.017789091,basel-stadt
2,Piratenpartei,Übrige,0,1179,0.440061661,basel-stadt
1,FDP.Die Liberalen Basel-Stadt,FDP,0,14593,5.446836147,basel-stadt
3,LDP Liberal-Demokratische Partei Basel-Stadt,LPS,1,38104,14.22231512,basel-stadt
32,FDP.Die Liberalen Frauen Basel-Stadt,FDP,0,884,0.329952933,basel-stadt
31,SVP Frauen Basel-Stadt,SVP,0,772,0.288148942,basel-stadt
22,Jungsozialist*innen Unterbaselbiet,SP,0,2658,0.485974747,basel-landschaft
12,Junge Grünliberale Partei,GLP,0,5419,0.990781472,basel-landschaft
11,Grünliberale Partei,GLP,0,23337,4.266814397,basel-landschaft
8,Bürgerlich-Demokratische Partei,BDP,0,6470,1.182940787,basel-landschaft
7,Grüne Baselland,GPS,1,87578,16.01230112,basel-landschaft
13,Christ-und-Politik.CH,Übrige,0,634,0.115917227,basel-landschaft
6,Jungfreisinnige Baselland,FDP,0,1467,0.268218568,basel-landschaft
5,Christlichdemokratische Volkspartei,CVP,1,37974,6.94296653,basel-landschaft
4,Evangelische Volkspartei BL,EVP,0,16074,2.938885659,basel-landschaft
3,Schweizerische Volkspartei Baselland,SVP,2,131564,24.05447013,basel-landschaft
2,Sozialdemokratische Partei und Gewerkschaften,SP,2,113689,20.7862991,basel-landschaft
1,FDP.Die Liberalen Baselland,FDP,1,88885,16.25126613,basel-landschaft
23,Jungsozialist*innen Oberbaselbiet,SP,0,2862,0.523273034,basel-landschaft
77,Junge Grüne,GPS,0,6158,1.125896347,basel-landschaft
70,Grüne Panther,GPS,0,4690,0.857494945,basel-landschaft
56,CVP Wirtschaft und Gesellschaft,CVP,0,4111,0.751633628,basel-landschaft
55,Junge CVP,CVP,0,4341,0.793685619,basel-landschaft
44,Evangelische Volkspartei - Zukunft,EVP,0,3051,0.557828801,basel-landschaft
34,SVP International,SVP,0,2058,0.376273901,basel-landschaft
33,Junge Schweizerische Volkspartei,SVP,0,3922,0.717077862,basel-landschaft
18,Junge Grüne,GPS,0,1465,2.419687836,schaffhausen
17,SVP Agro / KMU,SVP,0,2061,3.40407961,schaffhausen
16,Junge GLP,GLP,0,965,1.59385581,schaffhausen
14,JUSO,SP,0,682,1.126434883,schaffhausen
13,Jungfreisinnige,FDP,0,489,0.807663721,schaffhausen
11,Junge SVP,SVP,0,413,0.682137253,schaffhausen
9,Evangelische Volkspartei (EVP),EVP,0,1138,1.879593691,schaffhausen
8,Christlichdemokratische Volkspartei (CVP),CVP,0,1297,2.142208275,schaffhausen
7,Eidgenössisch-Demokratische Union (EDU),EDU,0,2041,3.371046329,schaffhausen
6,Grüne Partei,GPS,0,2670,4.409943018,schaffhausen
2,Sozialdemokratische Partei (SP),SP,1,15154,25.02931704,schaffhausen
4,Alternative Liste Schaffhausen (AL),FGA,0,1929,3.186059955,schaffhausen
5,Grünliberale Partei (GLP),GLP,0,2637,4.355438104,schaffhausen
1,Schweizerische Volkspartei (SVP),SVP,1,21412,35.36543067,schaffhausen
3,FDP.Die Liberalen,FDP,0,6192,10.22710381,schaffhausen
99,Vereinzelte / Autres / Altri,Übrige,0,329,2.107623318,appenzell-ausserrhoden
2,Jennifer Abderhalden (FDP.Die Liberalen),FDP,0,7561,48.43689942,appenzell-ausserrhoden
1,David Zuberbühler (Schweizerische Volkspartei),SVP,1,7720,49.45547726,appenzell-ausserrhoden
99,Vereinzelte / Autres / Altri,Übrige,0,52,0.920842925,appenzell-innerrhoden
4,Thomas Rechsteiner (Christlichdemokratische Volkspartei der Schweiz),CVP,1,2014,35.66495484,appenzell-innerrhoden
3,Antonia Fässler (Christlichdemokratische Volkspartei der Schweiz),CVP,0,1446,25.60651674,appenzell-innerrhoden
2,Martin Pfister (Sozialdemokratische Partei der Schweiz),SP,0,493,8.730299274,appenzell-innerrhoden
1,Ruedi Eberle (Schweizerische Volkspartei),SVP,0,1642,29.07738622,appenzell-innerrhoden
12,BDP Bürgerlich-Demokratische Partei Kanton St.Gallen,BDP,0,10134,0.636465038,st-gallen
11,"Schweizer Demokraten (SD) – für Volk und Heimat, Schwiizer zerscht",SD,0,4006,0.251596501,st-gallen
10,Der Pflug,Übrige,0,3407,0.213976355,st-gallen
9,EDU – Eidgenössisch-Demokratische Union,EDU,0,14768,0.927503027,st-gallen
8,Parteifrei SG,Übrige,0,12222,0.767601706,st-gallen
7,"EVP, Evangelische Volkspartei",EVP,0,24907,1.56428209,st-gallen
6c,"GRÜNE, KlimaseniorInnen",GPS,0,9830,0.617372343,st-gallen
6a,"GRÜNE, Hauptliste",GPS,1,131827,8.279383909,st-gallen
5b,"Grünliberale (glp), Junge Grünliberale",GLP,0,20323,1.276384346,st-gallen
5a,"Grünliberale (glp), Hauptliste",GLP,1,96205,6.042147124,st-gallen
6b,"GRÜNE, Junge Grüne",GPS,0,26095,1.638894332,st-gallen
4d,"FDP.Die Liberalen, FDP Frauen",FDP,0,23144,1.453557019,st-gallen
4c,"FDP.Die Liberalen, Umweltfreisinnige",FDP,0,16183,1.016371986,st-gallen
4b,"FDP.Die Liberalen, Jungfreisinnige",FDP,0,13039,0.818913324,st-gallen
4a,"FDP.Die Liberalen, Hauptliste",FDP,2,186383,11.70576901,st-gallen
3b,"SP und Gewerkschaften, JUSO-Liste",SP,0,10326,0.648523582,st-gallen
3a,"SP und Gewerkschaften, Hauptliste",SP,2,191730,12.0415869,st-gallen
2d,"CVP Kanton St.Gallen, Junge CVP – Liste Nord-West",CVP,0,18702,1.174577574,st-gallen
2c,"CVP Kanton St.Gallen, Junge CVP – Liste Süd-Ost",CVP,0,19362,1.21602882,st-gallen
2b,"CVP Kanton St.Gallen, Liste Nord-West",CVP,1,96959,6.089502032,st-gallen
2a,"CVP Kanton St.Gallen, Liste Süd-Ost",CVP,1,164005,10.30032056,st-gallen
1d,"SVP Schweizerische Volkspartei, Landliste",SVP,0,18921,1.188331851,st-gallen
1c,"SVP Schweizerische Volkspartei, Seniorenliste",SVP,0,10214,0.641489431,st-gallen
1b,"SVP Schweizerische Volkspartei, Unternehmerliste",SVP,0,14960,0.939561571,st-gallen
1a,"SVP Schweizerische Volkspartei, Hauptliste",SVP,4,454580,28.54985957,st-gallen
20,SVP Graubünden - Team 60+ für ein sicheres Rentenalter,SVP,0,2726,0.942342859,graubunden
19,SVP Graubünden - Liste SVP International,SVP,0,1667,0.576260289,graubunden
18,FDP.Die Liberalen GR - Support Gewerbe,FDP,0,3547,1.226151916,graubunden
16,SVP Graubünden - Liste Brand,SVP,0,35353,12.22107377,graubunden
15,SP JUSO Frauen*,SP,0,2343,0.809944725,graubunden
14,SVP Graubünden - Liste Martullo,SVP,1,45263,15.6468323,graubunden
13,Grünliberale Partei,GLP,0,18201,6.291849737,graubunden
12,BDP Graubünden,BDP,0,21351,7.380763899,graubunden
11,Jungfreisinnige Graubünden - FDP-Futuro,FDP,0,2369,0.818932588,graubunden
10,CVP Graubünden,CVP,1,41927,14.49362035,graubunden
17,FDP.Die Liberalen GR - Support Gemeindepolitik,FDP,0,2082,0.719720408,graubunden
9,SP Sozialdemokratische Partei,SP,2,45677,15.78994673,graubunden
8,SVP Graubünden - Junge SVP Graubünden,SVP,0,1598,0.552407883,graubunden
7,Grünliberale Partei - Junge Grünliberale Partei,GLP,0,5946,2.055455114,graubunden
6,Verda - Grüne Graubünden,GPS,0,15958,5.516473716,graubunden
5,CVP - Die Jungen A,CVP,0,2612,0.902934537,graubunden
4,CVP - Die Jungen 1,CVP,0,2754,0.952022096,graubunden
3,SP JUSO Männer*,SP,0,1501,0.518876241,graubunden
2,FDP.Die Liberalen Graubünden - Hauptliste,FDP,1,31431,10.86528922,graubunden
1,BDP Graubünden - Junge BDP Graubünden,BDP,0,4973,1.719101629,graubunden
15,DU – Die Unabhängigen,Übrige,0,7651,0.256234389,aargau
14,TEAM65+ – Die Aargauer Seniorenliste,Übrige,0,41127,1.377356127,aargau
13,LS – Luzi Stamm,Übrige,0,6541,0.219060141,aargau
11,LOVB – Lösungs-Orientierte Volks-Bewegung,Übrige,0,4094,0.137109344,aargau
10,PPAG – Piratenpartei,Übrige,0,10090,0.337917264,aargau
9,EDU – Eidgenössisch-Demokratische Union,EDU,0,29768,0.996939655,aargau
8b,*jevp – Junge Evangelische Volkspartei,EVP,0,12033,0.402988944,aargau
8a,EVP – Evangelische Volkspartei,EVP,1,89736,3.005286781,aargau
7c,BDP3 – Bürgerlich-Demokratische Partei: die Dritte,BDP,0,6188,0.207238061,aargau
7b,JBDP – Junge Bürgerlich-Demokratische Partei,BDP,0,11300,0.378440544,aargau
7a,BDP – Bürgerlich-Demokratische Partei,BDP,0,74123,2.482402515,aargau
6c,glp-u – Grünliberale Unternehmer,GLP,0,11618,0.389090463,aargau
6b,jglp – Junge Grünliberale,GLP,0,31050,1.039874237,aargau
6a,glp – Grünliberale Partei,GLP,1,211302,7.076570244,aargau
5b,Junge Grüne,GPS,0,34732,1.163185572,aargau
5a,Grüne Partei,GPS,1,257338,8.61833032,aargau
4i,CVPFT.Miteinander.Für das Fricktal.,CVP,0,10300,0.34495023,aargau
4h,CVPFA.Miteinander.Für das Freiamt.,CVP,0,14079,0.471510125,aargau
4g,"CVP#1.Miteinander.Für Kulm, Lenzburg, Brugg.",CVP,0,5416,0.181383538,aargau
4f,CVPBZ.Miteinander.Für Baden und Zurzach.,CVP,0,13705,0.458984748,aargau
4e,CVPAZ.Miteinander.Für Aarau und Zofingen.,CVP,0,6682,0.223782276,aargau
8c,EVP+ – EVPplus,EVP,0,7025,0.235269453,aargau
4d,CVPE.Miteinander.Für die Städte und Gemeinden.,CVP,0,9266,0.310321246,aargau
4c,CVPCS.Miteinander.Für die Christlichsozialen.,CVP,0,6178,0.206903157,aargau
12,FW AG – Freie Wähler Aargau,Übrige,0,6954,0.232891641,aargau
4b,CVPLA.Miteinander.Für Land- & Ernährungswirtschaft,CVP,0,23925,0.801255753,aargau
4a,CVP.Miteinander.Für den Aargau.,CVP,2,205895,6.895488118,aargau
3b,FDP.Die Liberalen – Jungfreisinnige,FDP,0,18796,0.629483934,aargau
3a,FDP.Die Liberalen,FDP,2,385936,12.92511767,aargau
2e,SP und Gewerkschaften – SP Migrant*innen,SP,0,15503,0.519200332,aargau
2d,SP und Gewerkschaften – queer*feministisch!,SP,0,21432,0.717764401,aargau
2c,SP und Gewerkschaften – SP 60+,SP,0,12515,0.419131275,aargau
2b,SP und Gewerkschaften – JUSO (Jungsozialist*innen),SP,0,21732,0.727811495,aargau
2a,SP und Gewerkschaften,SP,3,420492,14.08240895,aargau
1b,JSVP – Junge Schweizerische Volkspartei,SVP,0,24769,0.829521578,aargau
1a,SVP – Schweizerische Volkspartei,SVP,6,916647,30.69879549,aargau
23,Sozialdemokratische Partei Liste 60+ / SP Liste 60+,SP,0,3692,0.856395946,thurgau
22,Junge Evangelische Volkspartei / jevp,EVP,0,2187,0.507296299,thurgau
21,Junge Grünliberale / jglp,GLP,0,4903,1.137299384,thurgau
20,Jungfreisinnige Thurgau / JFTG,FDP,0,2356,0.546497522,thurgau
19,Grünliberale – Engagiert / glp Engagiert,GLP,0,4100,0.951035585,thurgau
18,Grünliberale – Stammliste / glp Stammliste,GLP,0,26123,6.059488436,thurgau
16,Junge Christlichdemokratische Volkspartei / JCVP,CVP,0,3856,0.89443737,thurgau
15,Grüne Panther Thurgau / GPTG Panther,GPS,0,4779,1.108536356,thurgau
14,Grüne Partei Thurgau / GPTG,GPS,1,31762,7.367510305,thurgau
17,Sozialdemokratische Partei und Gewerkschaften / SP/Gew.,SP,1,47973,11.12781222,thurgau
13,Junge Grüne Thurgau / JGTG,GPS,0,9153,2.123128954,thurgau
12,Christlichdemokratische Volkspartei / CVP,CVP,1,45122,10.46649455,thurgau
11,Christlichdemokratische Volkspartei – Newcomer / CVP Newcomer,CVP,0,5737,1.330753939,thurgau
10,FDP.Die Liberalen – Frauenliste / FDP Frauenliste,FDP,0,6949,1.611889337,thurgau
9,JungsozialistInnen und Gewerkschaftsjugend / JUSO,SP,0,2836,0.657838273,thurgau
8,Bürgerlich-Demokratische Partei – Hauptliste / BDP Hauptliste,BDP,0,5148,1.194129559,thurgau
7,Evangelische Volkspartei / EVP,EVP,0,9312,2.160010577,thurgau
6,Junge Bürgerlich-Demokratische Partei / JBDP,BDP,0,1027,0.238222816,thurgau
5,Schweizerische Volkspartei / SVP,SVP,3,152401,35.35092053,thurgau
4,FDP.Die Liberalen – Stammliste / FDP Stammliste,FDP,0,40071,9.294865104,thurgau
3,Eidgenössisch-Demokratische Union / EDU,EDU,0,12283,2.849163437,thurgau
2,Junge Schweizerische Volkspartei / JSVP,SVP,0,5707,1.323795142,thurgau
1,Bürgerlich-Demokratische Partei – Best Agers / BDP Best Agers,BDP,0,3632,0.842478352,thurgau
23,Più Donne,Übrige,0,7078,0.844623016,tessin
21,Bello Sognare,Übrige,0,3463,0.413242372,tessin
20,Lega Verde,Übrige,0,5452,0.650591224,tessin
19,MontagnaViva,Übrige,0,5742,0.68519714,tessin
17,PPD – Ticinesi nel mondo,CVP,0,2404,0.286871112,tessin
16,PS – PS60+,SP,0,3119,0.372192595,tessin
15,PS Partito Socialista,SP,1,107613,12.84153951,tessin
14,Verdi e Sinistra alternativa – Donne,Übrige,0,8027,0.957867894,tessin
13,PPD – Generazione Giovani Sopraceneri,CVP,0,6628,0.790924181,tessin
12,Verdi e Sinistra alternativa,GPS,1,93617,11.1713864,tessin
11,Verdi e Sinistra alternativa – Giovani Verdi,GPS,0,7897,0.942354897,tessin
18,UDC,SVP,1,85840,10.24335119,tessin
22,pvl partito verde liberale,GLP,0,8287,0.988893888,tessin
10,UDC – Giovani UDC,SVP,0,4223,0.503933738,tessin
9,PLR Partito liberale radicale ticinese,FDP,2,172015,20.52667818,tessin
8,Lega dei Ticinesi,Lega,1,141853,16.92742423,tessin
7,UDC – Agrari,SVP,0,7638,0.911448234,tessin
6,UDC – UDF,EDU,0,8851,1.056196428,tessin
5,Verdi e Sinistra alternativa – Partito Operaio Popolare Ticino POP,PdA/Sol.,0,6959,0.830422658,tessin
4,PS – Gioventù Socialista (GISO),SP,0,7142,0.852260184,tessin
3,PPD – Generazione Giovani Sottoceneri,CVP,0,6568,0.783764336,tessin
2,Lista civica: per la proibizione assoluta d'internare minorenni da parte dei Cantoni svizzeri,Übrige,0,684,0.08162223,tessin
1,PPD Partito Popolare Democratico,CVP,2,136907,16.33721437,tessin
24,EP. Ensemble à Gauche,PdA/Sol.,0,75142,2.214793923,waadt
23,PNS - Parti Nationaliste Suisse,Übrige,0,9651,0.284461102,waadt
22,AdC / - PBD Le juste milieu,BDP,0,12758,0.376039244,waadt
21,Jeunes Libéraux-Radicaux vaudois,FDP,0,28315,0.834578397,waadt
20,Parti Pirate Vaudois,Übrige,0,27054,0.7974107,waadt
18,PDC,CVP,0,60886,1.794601458,waadt
17,PLR.Les Libéraux-Radicaux,FDP,5,692664,20.41611905,waadt
16,Jeunes Vert-e-s vaudois-es JVVD,GPS,0,111358,3.282252557,waadt
15,AdC / - UDF - Union Démocratique Fédérale,EDU,0,11268,0.332121822,waadt
14,Les Vert·e·s. Mouvement écologiste vaudois,GPS,4,556250,16.3953464,waadt
13,UDC Vaud,SVP,3,538799,15.88098202,waadt
12,Action Nationale-Démocrates Suisses/VD,SD,0,2435,0.071771089,waadt
19,PVL - les jeunes vert'libéraux,GLP,0,58826,1.733883411,waadt
11,"Démocratie Directe, SpiritualitéS et Nature",Übrige,0,16664,0.491167735,waadt
10,PLR.Innovation,FDP,0,70876,2.089054511,waadt
9,AdC / - Parti Evangélique (PEV),EVP,0,44108,1.300073599,waadt
8,Urgence Écologique,Übrige,0,12502,0.3684937,waadt
7,EP. Parti Ouvrier et Populaire (POP),PdA/Sol.,0,62889,1.853639443,waadt
6,PVL - les vert'libéraux,GLP,2,225239,6.638869984,waadt
5,Liste Transition Citoyenne Vaud,Übrige,0,11143,0.328437474,waadt
4,PDC ouVERTure,CVP,0,21391,0.63049502,waadt
3,Jeunes UDC Vaud,SVP,0,50813,1.497701999,waadt
2,Jeunesse socialiste vaudoise - JSV,SP,0,36653,1.080339113,waadt
1,Parti socialiste vaudois,SP,5,655047,19.30736625,waadt
40,Avenir Ecologie - Les vert'libéraux // Zukunft und Nachhaltigkeit - die Grünliberalen,GLP,0,7429,0.796211111,wallis
38,Avenir Ecologie Citoyenne // Zukunft und Nachhaltigkeit Bürgerliste,FDP,0,4715,0.505335225,wallis
37,FDP die Liberalen,FDP,0,4945,0.529985724,wallis
36,Jeunes libéraux-radicaux Chablais,FDP,0,4022,0.431062201,wallis
34,Jeunes libéraux-radicaux Martigny-Entremont,FDP,0,2877,0.308345587,wallis
33,Jeunes libéraux-radicaux Valais central,FDP,0,2176,0.233215154,wallis
32,PLR.Les Libéraux Radicaux Valais,FDP,1,123223,13.20655832,wallis
31,Rassemblement Citoyen Valais - Bürgervereinigung Wallis,Übrige,0,13780,1.476886406,wallis
30,Centre Gauche - PCS Gauche Humaniste,CSP,0,4605,0.493545856,wallis
29,Centre Gauche - PCS Centre Solidaire,CSP,0,5010,0.53695217,wallis
28,Les Verts - Ainé.e.s pour le climat,GPS,0,4897,0.524841272,wallis
26,Grüne Oberwallis,GPS,0,14162,1.517827669,wallis
25,Les Verts,GPS,1,69281,7.425266118,wallis
24,Jungsozialist*innen Oberwallis (JUSO),SP,0,2403,0.257544124,wallis
23,Sozialdemokratische Partei Oberwallis (SPO),SP,0,17723,1.899481697,wallis
22,C-Parteien Junge CVPO,CVP,0,5433,0.582287652,wallis
21,C-Parteien Christlichdemokratische Volkspartei Oberwallis (CVPO),CVP,1,83221,8.919300698,wallis
20,Junge schweizerische Volkspartei Oberwallis (JSVPO),SVP,0,2664,0.285517082,wallis
27,Jeunes Vert-e-s // Junge Grüne,GPS,0,10454,1.120418758,wallis
19,Schweizerische Volkspartei Oberwallis (SVPO) - Frauen,SVP,0,2600,0.278657813,wallis
18,"Schweizerische Volkspartei Oberwallis (SVPO) - Wirtschaft, Gewerbe und Tourismus",SVP,0,3858,0.413485323,wallis
17,Schweizerische Volkspartei Oberwallis (SVPO),SVP,1,78024,8.362306601,wallis
16,UDC Jeunes du Bas-Valais,SVP,0,7178,0.769309915,wallis
15,UDC Jeunes du Valais Central,SVP,0,5037,0.539845924,wallis
14,UDC Seniors du Valais Romand,SVP,0,6434,0.68957091,wallis
13,UDC du Valais Romand,SVP,1,78723,8.437222682,wallis
12,Jeunesse Socialiste Sion-Hérens-Conthey,SP,0,5201,0.557422801,wallis
35,Jeunes libéraux-radicaux région sierroise,FDP,0,3060,0.32795881,wallis
11,Jeunesse Socialiste du Coude du Rhône,SP,0,1999,0.214244987,wallis
10,Jeunesse Socialiste Sierre Région,SP,0,1559,0.167087511,wallis
39,Avenir Ecologie Libérale-Radicale // Zukunft und Nachhaltigkeit Freisinnig Liberale,FDP,0,8757,0.938540948,wallis
9,Jeunesse Socialiste du Chablais,SP,0,3238,0.347036153,wallis
8,Parti Démocrate-Chrétien du Valais Romand (PDCVR),CVP,2,142635,15.28706042,wallis
7,Parti Socialiste du Valais Romand PS 60+,SP,0,5779,0.619370576,wallis
6,Jeunes Démocrates-Chrétiens du Valais Romand St-Maurice - Monthey,CVP,0,12520,1.341844543,wallis
5,Jeunes Démocrates-Chrétiens du Valais Romand Conthey - Martigny - Entremont,CVP,0,5771,0.618513168,wallis
4,Jeunes Démocrates-Chrétiens du Valais Romand Sierre - Sion - Hérens,CVP,0,6672,0.715078817,wallis
3,C-Parteien Junge Christlichsoziale Volkspartei Oberwallis (JCSPO),CVP,0,5605,0.600721938,wallis
2,C-Parteien Christlichsoziale Volkspartei Oberwallis (CSPO),CVP,0,62697,6.719618796,wallis
1,Parti Socialiste du Valais Romand (PSVR),SP,1,102677,11.00451854,wallis
39,Parti Fédéraliste Européen (PFE),Übrige,0,325,0.186006582,nauenburg
38B,"Vert'libéraux (PVL), Jeunes Vert'libéraux (JVL)",GLP,0,4709,2.695092288,nauenburg
38A,Vert'libéraux (PVL),GLP,0,11134,6.372299328,nauenburg
37,Parti Démocrate-Chrétien (PDC),CVP,0,7291,4.172843039,nauenburg
36,"Union Démocratique du Centre (UDC), Relève",SVP,0,3916,2.241236228,nauenburg
35,Union Démocratique du Centre (UDC),SVP,0,18202,10.41751324,nauenburg
34C,"PopVertSol, solidaritéS",PdA/Sol.,0,3608,2.064959222,nauenburg
34B,"PopVertSol, Les Verts, Écologie et Liberté",GPS,1,36357,20.80812706,nauenburg
34A,"PopVertSol, Parti Ouvrier et Populaire (POP)",PdA/Sol.,1,21070,12.05894978,nauenburg
33B,"Parti socialiste neuchâtelois (PSN), Jeunes socialistes neuchâtelois (JSN)",SP,0,3916,2.241236228,nauenburg
33A,Parti socialiste neuchâtelois (PSN),SP,1,25148,14.39290313,nauenburg
32,"Parti Libéral-Radical neuchâtelois (PLRN), Jeunes Libéraux-Radicaux",FDP,0,4174,2.388896838,nauenburg
31,Parti Libéral-Radical neuchâtelois (PLRN),FDP,1,34875,19.95993704,nauenburg
21,U.D.F. (Union Démocratique Fédérale),EDU,0,1312,0.111755351,genf
20,Prophète Eco - «Santé!»,Übrige,0,2262,0.192675766,genf
19,MCG - Mouvement Citoyens Genevois,MCR,0,63100,5.3748191,genf
17,PEV,EVP,0,8246,0.702389197,genf
16,Planète Bleue,Übrige,0,10309,0.878114265,genf
15,Ensemble à Gauche : Solidarités sans frontières,PdA/Sol.,0,12283,1.046258368,genf
14,Ensemble à Gauche : Pour une écologie anticapitaliste,PdA/Sol.,0,21095,1.796859095,genf
13,UDC Jeunes,SVP,0,6535,0.556647271,genf
12,Les Verts.e.s transfrontalier.ère.s,GPS,0,5479,0.466697842,genf
11,Ensemble à Gauche : Égalité pour toutes* et tous*,PdA/Sol.,0,13433,1.144214659,genf
18,UDC - International,SVP,0,2662,0.226747519,genf
10,Ensemble à Gauche · solidaritéS - DAL,PdA/Sol.,1,26696,2.273948823,genf
9,JDC Genève,CVP,0,4585,0.390547474,genf
8,Jeunes Vert-e-s,GPS,0,38302,3.262540748,genf
7,PDC Genève,CVP,1,85380,7.272615765,genf
22,Les Socialistes - Suisses et Suissesses de l'étranger,SP,0,3983,0.339269485,genf
6,JLR. Les Jeunes Libéraux-Radicaux,FDP,0,8167,0.695660025,genf
5,PLR. Les Libéraux-Radicaux Genève,FDP,2,202306,17.23230036,genf
4,Jeunesse Socialiste Genevoise,SP,0,9796,0.834417241,genf
3,Les Vert.e.s,GPS,3,245157,20.88232213,genf
2,Les Socialistes,SP,2,159153,13.55655443,genf
1,UDC Genève,SVP,2,151064,12.86753839,genf
28,Ensemble à Gauche - Parti du Travail,PdA/Sol.,0,13634,1.161335715,genf
27,Vert'Libéraux - Jeunes,GLP,0,11444,0.974792865,genf
26,Fédéraction,Übrige,0,3128,0.266441112,genf
25,PBD/PCD Parti Citoyen Démocratique Genève d'abord,Übrige,0,7633,0.650174234,genf
24,PBD/PCD Parti Citoyen Démocratique Suisse d'abord,BDP,0,4371,0.372319085,genf
23,Vert'Libéraux,GLP,1,52478,4.470043689,genf
17,PEV Jura,EVP,0,644,1.435353378,jura
16,Les Jeunes Vert-e-s Jurassien-ne-s,GPS,0,1535,3.421222725,jura
15,Les Vert-e-s Jurassien-ne-s,GPS,0,5475,12.20273252,jura
14,Union Démocratique du Centre Jeunes,SVP,0,592,1.319455279,jura
13,Union Démocratique du Centre Agricole,SVP,0,3434,7.653732142,jura
12,Union Démocratique du Centre,SVP,0,2467,5.498473265,jura
11,Jeunes démocrates-chrétiens du Jura 2,CVP,0,627,1.397463615,jura
10,Jeunes démocrates-chrétiens du Jura 1,CVP,0,1602,3.570552968,jura
9,Parti démocrate-chrétien du Jura,CVP,1,7982,17.79035817,jura
8,Parti chrétien social indépendant - Hommes,CSP,0,2295,5.115118016,jura
7,Parti chrétien social indépendant - Jeunes,CSP,0,496,1.105489558,jura
6,Parti chrétien social indépendant - Femmes,CSP,0,1529,3.407849867,jura
5,Parti libéral-radical jurassien – environnement,FDP,0,528,1.176811465,jura
4,Parti libéral-radical jurassien - Jeunes,FDP,0,844,1.881115296,jura
3,Parti libéral-radical jurassien – innovation,FDP,0,2699,6.015557091,jura
2,Jeunesse socialiste jurassienne,SP,0,1816,4.047518221,jura
1,Parti socialiste jurassien,SP,1,10302,22.96119643,jura
